species,name,size.Mbp,genecount,genedens,asmblysize.Gbp
Anolis carolinensis,NC_085841.1,368.751108,4239,11.49555868,1.850740401
Anolis carolinensis,NC_085842.1,324.909582,4931,15.17652994,1.850740401
Anolis carolinensis,NC_085843.1,288.964324,3032,10.49264476,1.850740401
Anolis carolinensis,NC_085844.1,256.973922,3182,12.38257943,1.850740401
Anolis carolinensis,NC_085845.1,207.03988,2375,11.47121994,1.850740401
Anolis carolinensis,NC_085846.1,120.450191,2698,22.3993003,1.850740401
Anolis carolinensis,NC_085847.1,11.084792,353,31.84543291,1.850740401
Anolis carolinensis,NC_085848.1,1.317,28,21.26044039,1.850740401
