species,name,size.Mbp,genecount,genedens,asmblysize.Mbp
Monodelphis domestica,1,748.055161,7317,9.781364238,3600.487649
Monodelphis domestica,2,541.556283,5762,10.63970668,3600.487649
Monodelphis domestica,3,527.952102,4594,8.701546944,3600.487649
Monodelphis domestica,4,435.153693,4560,10.47905619,3600.487649
Monodelphis domestica,8,312.544902,2926,9.361854829,3600.487649
Monodelphis domestica,5,304.825324,2632,8.634453219,3600.487649
Monodelphis domestica,6,292.091736,2709,9.274483548,3600.487649
Monodelphis domestica,7,260.857928,1877,7.195487653,3600.487649
Monodelphis domestica,X,79.335909,1013,12.76849302,3600.487649
