species,name,size.Mbp,genecount,genedens,asmblysize.Mbp
Sarcophilus harrisii,1,716.413629,4800,6.700040041,3086.657325
Sarcophilus harrisii,2,662.751787,5241,7.907937938,3086.657325
Sarcophilus harrisii,3,611.347268,4623,7.561986848,3086.657325
Sarcophilus harrisii,4,464.895054,4053,8.718096622,3086.657325
Sarcophilus harrisii,5,288.121652,2302,7.989680692,3086.657325
Sarcophilus harrisii,6,254.895979,2016,7.90910868,3086.657325
Sarcophilus harrisii,X,83.081154,730,8.786589556,3086.657325
Sarcophilus harrisii,Y,0.130564,5,38.29539536,3086.657325
