"response","anova.F","anova.P","tukey.comparison","tukey.diff","tukey.lwr","tukey.upr","tukey.P","phylo.F","phylo.P"
"rsq",24.0474945053853,2.23304272400037e-09,"Actinopterygii-Mammalia",0.123049297329573,0.0371559449551291,0.208942649704017,0.00265671819713342,24.0474945053853,0.71
"rsq",24.0474945053853,2.23304272400037e-09,"Sauropsida-Mammalia",0.315390336501869,0.20631930633726,0.424461366666479,1.23853072242497e-09,24.0474945053853,0.71
"rsq",24.0474945053853,2.23304272400037e-09,"Sauropsida-Actinopterygii",0.192341039172296,0.0810861881280716,0.303595890216521,0.000227281901461374,24.0474945053853,0.71
"gini.flip",117.252512183243,6.78251132523221e-28,"Actinopterygii-Mammalia",0.0959364881651842,0.0794159853971688,0.1124569909332,5.17363929475323e-14,117.252512183243,0.221
"gini.flip",117.252512183243,6.78251132523221e-28,"Sauropsida-Mammalia",-0.00967608758062394,-0.0306545242807014,0.0113023491194536,0.518611493303094,117.252512183243,0.221
"gini.flip",117.252512183243,6.78251132523221e-28,"Sauropsida-Actinopterygii",-0.105612575745808,-0.127011042842758,-0.0842141086488583,5.81756864903582e-14,117.252512183243,0.221
"cv.flip",75.4598252457204,2.69781649470543e-21,"Actinopterygii-Mammalia",0.239956147285514,0.192188895890375,0.287723398680653,5.59552404411079e-14,75.4598252457203,0.349
"cv.flip",75.4598252457204,2.69781649470543e-21,"Sauropsida-Mammalia",0.0431980489044032,-0.0174588374991816,0.103854935307988,0.21277702080887,75.4598252457203,0.349
"cv.flip",75.4598252457204,2.69781649470543e-21,"Sauropsida-Actinopterygii",-0.196758098381111,-0.25862945736115,-0.134886739401071,4.11399803113e-11,75.4598252457203,0.349
