"clade","model","estimate","importance","lower","upper"
"Mammalia","age.dna",-2.24958896892301,1,-3.34925803380205,-1.14991990404398
"Mammalia","age.line",1.89267091505672,1,0.804170521661626,2.98117130845181
"Actinopterygii","age.unknown",-0.459179519525077,0.955958519516901,-0.802238214136367,-0.116120824913787
"Actinopterygii","age.line",0.313378938580544,0.710298733249039,0.0157834096120368,0.610974467549051
