"clade","model","estimate","importance","lower","upper"
"Mammalia","age.sine",-2.23385942022372,0.952082018152649,-3.72268328810397,-0.745035552343472
"Mammalia","prop.sine",-1.92288737193288,0.932594729585446,-3.18748618728315,-0.658288556582615
"Mammalia","age.sine:prop.sine",2.39202382588846,0.913593704093261,0.872134331556518,3.9119133202204
"Sauria","age.ltr",-0.311090992830547,0.825603813449373,-0.61707427808847,-0.00510770757262397
